{
  "title": "Cell Biology Quiz",
  "subject": "Cell Biology",
  "difficulty": "medium",
  "questions": [
    {
      "id": 1,
      "question": "What is example?",
      "type": "multiple_choice",
      "options": [
        "A) A key concept in Cell Biology",
        "B) An unrelated term",
        "C) A different subject area",
        "D) None of the above"
      ],
      "correct_answer": "A",
      "explanation": "example is indeed a key concept in Cell Biology",
      "points": 1,
      "time_estimate": 60,
      "tags": [
        "example"
      ],
      "difficulty_level": "medium"
    },
    {
      "id": 2,
      "question": "What is biology?",
      "type": "multiple_choice",
      "options": [
        "A) A key concept in Cell Biology",
        "B) An unrelated term",
        "C) A different subject area",
        "D) None of the above"
      ],
      "correct_answer": "A",
      "explanation": "biology is indeed a key concept in Cell Biology",
      "points": 1,
      "time_estimate": 60,
      "tags": [
        "biology"
      ],
      "difficulty_level": "medium"
    },
    {
      "id": 3,
      "question": "What is material?",
      "type": "multiple_choice",
      "options": [
        "A) A key concept in Cell Biology",
        "B) An unrelated term",
        "C) A different subject area",
        "D) None of the above"
      ],
      "correct_answer": "A",
      "explanation": "material is indeed a key concept in Cell Biology",
      "points": 1,
      "time_estimate": 60,
      "tags": [
        "material"
      ],
      "difficulty_level": "medium"
    },
    {
      "id": 4,
      "question": "What is concepts?",
      "type": "multiple_choice",
      "options": [
        "A) A key concept in Cell Biology",
        "B) An unrelated term",
        "C) A different subject area",
        "D) None of the above"
      ],
      "correct_answer": "A",
      "explanation": "concepts is indeed a key concept in Cell Biology",
      "points": 1,
      "time_estimate": 60,
      "tags": [
        "concepts"
      ],
      "difficulty_level": "medium"
    },
    {
      "id": 5,
      "question": "What is advanced?",
      "type": "multiple_choice",
      "options": [
        "A) A key concept in Cell Biology",
        "B) An unrelated term",
        "C) A different subject area",
        "D) None of the above"
      ],
      "correct_answer": "A",
      "explanation": "advanced is indeed a key concept in Cell Biology",
      "points": 1,
      "time_estimate": 60,
      "tags": [
        "advanced"
      ],
      "difficulty_level": "medium"
    }
  ],
  "time_limit": 15,
  "passing_score": 70,
  "metadata": {
    "created_at": "2025-06-28T08:55:23.485065",
    "generated_by": "StudyGuideCreator (fallback mode)"
  }
}