{
  "title": "Biology Quiz",
  "subject": "Biology",
  "difficulty": "medium",
  "questions": [
    {
      "id": 1,
      "question": "What is cell?",
      "type": "multiple_choice",
      "options": [
        "A) A key concept in Biology",
        "B) An unrelated term",
        "C) A different subject area",
        "D) None of the above"
      ],
      "correct_answer": "A",
      "explanation": "cell is indeed a key concept in Biology",
      "points": 1,
      "time_estimate": 60,
      "tags": [
        "cell"
      ],
      "difficulty_level": "medium"
    },
    {
      "id": 2,
      "question": "What is light?",
      "type": "multiple_choice",
      "options": [
        "A) A key concept in Biology",
        "B) An unrelated term",
        "C) A different subject area",
        "D) None of the above"
      ],
      "correct_answer": "A",
      "explanation": "light is indeed a key concept in Biology",
      "points": 1,
      "time_estimate": 60,
      "tags": [
        "light"
      ],
      "difficulty_level": "medium"
    },
    {
      "id": 3,
      "question": "What is structure?",
      "type": "multiple_choice",
      "options": [
        "A) A key concept in Biology",
        "B) An unrelated term",
        "C) A different subject area",
        "D) None of the above"
      ],
      "correct_answer": "A",
      "explanation": "structure is indeed a key concept in Biology",
      "points": 1,
      "time_estimate": 60,
      "tags": [
        "structure"
      ],
      "difficulty_level": "medium"
    },
    {
      "id": 4,
      "question": "What is mitochondria?",
      "type": "multiple_choice",
      "options": [
        "A) A key concept in Biology",
        "B) An unrelated term",
        "C) A different subject area",
        "D) None of the above"
      ],
      "correct_answer": "A",
      "explanation": "mitochondria is indeed a key concept in Biology",
      "points": 1,
      "time_estimate": 60,
      "tags": [
        "mitochondria"
      ],
      "difficulty_level": "medium"
    },
    {
      "id": 5,
      "question": "What is cycle?",
      "type": "multiple_choice",
      "options": [
        "A) A key concept in Biology",
        "B) An unrelated term",
        "C) A different subject area",
        "D) None of the above"
      ],
      "correct_answer": "A",
      "explanation": "cycle is indeed a key concept in Biology",
      "points": 1,
      "time_estimate": 60,
      "tags": [
        "cycle"
      ],
      "difficulty_level": "medium"
    }
  ],
  "time_limit": 15,
  "passing_score": 70,
  "metadata": {
    "created_at": "2025-06-28T08:39:30.230410",
    "generated_by": "StudyGuideCreator (fallback mode)"
  }
}