{
  "title": "Biology Study Guide",
  "subject": "Biology",
  "level": "undergraduate",
  "summary": "Comprehensive study guide for Biology covering key concepts and principles.",
  "key_concepts": [
    {
      "name": "cell",
      "definition": "Important concept in Biology",
      "importance": "Key for understanding the subject",
      "relationships": []
    },
    {
      "name": "light",
      "definition": "Important concept in Biology",
      "importance": "Key for understanding the subject",
      "relationships": []
    },
    {
      "name": "structure",
      "definition": "Important concept in Biology",
      "importance": "Key for understanding the subject",
      "relationships": []
    },
    {
      "name": "mitochondria",
      "definition": "Important concept in Biology",
      "importance": "Key for understanding the subject",
      "relationships": []
    },
    {
      "name": "cycle",
      "definition": "Important concept in Biology",
      "importance": "Key for understanding the subject",
      "relationships": []
    }
  ],
  "chapter_summaries": [],
  "practice_questions": [
    {
      "question": "What is cell?",
      "type": "short_answer",
      "difficulty": "medium",
      "correct_answer": "Definition and explanation of cell",
      "explanation": "cell is an important concept in Biology",
      "concepts_tested": [
        "cell"
      ]
    },
    {
      "question": "What is light?",
      "type": "short_answer",
      "difficulty": "medium",
      "correct_answer": "Definition and explanation of light",
      "explanation": "light is an important concept in Biology",
      "concepts_tested": [
        "light"
      ]
    },
    {
      "question": "What is structure?",
      "type": "short_answer",
      "difficulty": "medium",
      "correct_answer": "Definition and explanation of structure",
      "explanation": "structure is an important concept in Biology",
      "concepts_tested": [
        "structure"
      ]
    }
  ],
  "flashcards": [
    {
      "front": "cell",
      "back": "Definition and explanation of cell",
      "type": "term",
      "difficulty": "medium",
      "tags": [
        "biology"
      ]
    },
    {
      "front": "structure",
      "back": "Definition and explanation of structure",
      "type": "term",
      "difficulty": "medium",
      "tags": [
        "biology"
      ]
    },
    {
      "front": "cells",
      "back": "Definition and explanation of cells",
      "type": "term",
      "difficulty": "medium",
      "tags": [
        "biology"
      ]
    },
    {
      "front": "mitochondria",
      "back": "Definition and explanation of mitochondria",
      "type": "term",
      "difficulty": "medium",
      "tags": [
        "biology"
      ]
    },
    {
      "front": "processes",
      "back": "Definition and explanation of processes",
      "type": "term",
      "difficulty": "medium",
      "tags": [
        "biology"
      ]
    }
  ],
  "visual_aids": [],
  "metadata": {
    "generated_by": "StudyGuideCreator (fallback mode)"
  }
}